Bvets Motor Noise Table 1.00,,,,,,,,,,,,,,,,,,,,,,,,,,,,,,
#,0,1,2,3,4,5,6,7,8,9,10,11,12,13,14,15,16,17,18,19,20,21,22,23,24,25,26,27,28,29
0,1,1,1,1,1,1,1,1,0,0,0,0,0,0,0,0,0,0,0,0,0,0,0,0,0,0,0,0,0,0
90,1,1,1,1,1,1,1,1,17.43162614,10.5646219,6.644416292,3.869137991,3.150435607,2.883206228,2.315166724,1.984508412,1.841044622,1.643185651,1.483460301,1.193700097,0.963997114,0.912253229,1.232327696,1.322899223,1.512927602,1.756520899,1.909864725,2.093075667,2.246868989,3.150435607
