Bvets Motor Noise Table 1.00,,,,,,,,,,,,
#,0,1,2,3,4,5,6,7,8,9,10,11
#,40.09810941,59.0390185,82.13314562,154.8982703,171.9022526,231.5,266.5,328.4,374.1,409.1,508.7,576
0,0,0,0,0,0,0,0,0,0,0,0,0
90,20.51415264,13.93279831,10.01518608,5.310444948,4.785153915,3.553255883,3.086599388,2.50480736,2.198820468,2.010703341,1.617021303,1.428088085
